ORG_CODE,TRANSACTION_TYPE,TRANSACTION_REASON,ITEM_CODE,JOBCARD_NO,TRACK_NO,LINE_NO,TRANSACTION_DATE,TRANSACTION_QUANTITY,TRANSACTION_COST,description,blanktype
VSP,OUTWARD,VISION RM Issue To LENS C2,$149880400,06412024,RM0641/2024/1,1,17-Dec-2024 00:00:00,36,,1.498C2BLANK,SS-ORG 1.498 SV 80MM POLY C2 BASE +4.00
VSP,OUTWARD,VISION RM Issue To LENS C2,$0710108000,06422024,RM0642/2024/1,1,17-Dec-2024 00:00:00,300,,1.53TRIVEXBLANK,TRIVEX SFSV UC 70MM BASE 8.00
VSP,OUTWARD,VISION RM Issue To LENSPLASTIC,$23837867,2412000007BB,RM2412000007BB/1,1,17-Dec-2024 00:00:00,20,,1.59POLYBLANK,1.59 POLY SFSV 0050 UNC80PO
VSP,OUTWARD,VISION RM Issue To LENSPLASTIC,$23837883,2412000008BB,RM2412000008BB/1,1,17-Dec-2024 00:00:00,20,,1.59POLYBLANK,1.59 POLY SFSV 0200 UNC80PO
VSP,OUTWARD,VISION RM Issue To LENSPLASTIC,$23837909,2412000009BB,RM2412000009BB/1,1,17-Dec-2024 00:00:00,30,,1.59POLYBLANK,1.59 POLY SFSV 0400 UNC80PO
VSP,OUTWARD,VISION RM Issue To LENSPLASTIC,$23837909,2412000010BB,RM2412000010BB/1,1,17-Dec-2024 00:00:00,30,,1.59POLYBLANK,1.59 POLY SFSV 0400 UNC80PO
VSP,OUTWARD,VISION RM Issue To LENSPLASTIC,$23837909,2412000011BB,RM2412000011BB/1,1,17-Dec-2024 00:00:00,20,,1.59POLYBLANK,1.59 POLY SFSV 0400 UNC80PO
VSP,OUTWARD,VISION RM Issue To LENSPLASTIC,$23837925,2412000012BB,RM2412000012BB/1,1,17-Dec-2024 00:00:00,30,,1.59POLYBLANK,1.59 POLY SFSV 0625 UNC80PO
VSP,OUTWARD,VISION RM Issue To LENSPLASTIC,$23837925,2412000013BB,RM2412000013BB/1,1,17-Dec-2024 00:00:00,30,,1.59POLYBLANK,1.59 POLY SFSV 0625 UNC80PO
VSP,OUTWARD,VISION RM Issue To LENSPLASTIC,OPC NOT AVAIL,2412000014BB,RM2412000014BB/1,1,17-Dec-2024 00:00:00,20,,NONE,no blank avail
VSP,OUTWARD,VISION RM Issue To LENS BF,$1194565,24120346,RM24120346/1,1,17-Dec-2024 00:00:00,34,,1.523WHTBLANK,BIF_1.5 WHT 70.0 +4.25 -6.00 10.5 (DES)
VSP,OUTWARD,VISION RM Issue To LENS BF,$1194565,24120347,RM24120347/1,1,17-Dec-2024 00:00:00,7,,1.523WHTBLANK,BIF_1.5 WHT 70.0 +4.25 -6.00 10.5 (DES)
VSP,OUTWARD,VISION RM Issue To LENS BF,$1194565,24120348,RM24120348/1,1,17-Dec-2024 00:00:00,34,,1.523WHTBLANK,BIF_1.5 WHT 70.0 +4.25 -6.00 10.5 (DES)
VSP,OUTWARD,VISION RM Issue To LENS BF,$1194565,24120349,RM24120349/1,1,17-Dec-2024 00:00:00,21,,1.523WHTBLANK,BIF_1.5 WHT 70.0 +4.25 -6.00 10.5 (DES)
VSP,OUTWARD,VISION RM Issue To LENS BF,$1194565,24120350,RM24120350/1,1,17-Dec-2024 00:00:00,34,,1.523WHTBLANK,BIF_1.5 WHT 70.0 +4.25 -6.00 10.5 (DES)
VSP,OUTWARD,VISION RM Issue To LENS BF,$1194565,24120351,RM24120351/1,1,17-Dec-2024 00:00:00,34,,1.523WHTBLANK,BIF_1.5 WHT 70.0 +4.25 -6.00 10.5 (DES)
VSP,OUTWARD,VISION RM Issue To LENS BF,$1194565,24120352,RM24120352/1,1,17-Dec-2024 00:00:00,20,,1.523WHTBLANK,BIF_1.5 WHT 70.0 +4.25 -6.00 10.5 (DES)
VSP,OUTWARD,VISION RM Issue To LENS BF,$1194565,24120353,RM24120353/1,1,17-Dec-2024 00:00:00,34,,1.523WHTBLANK,BIF_1.5 WHT 70.0 +4.25 -6.00 10.5 (DES)
VSP,OUTWARD,VISION RM Issue To LENS BF,$1194565,24120354,RM24120354/1,1,17-Dec-2024 00:00:00,10,,1.523WHTBLANK,BIF_1.5 WHT 70.0 +4.25 -6.00 10.5 (DES)
VSP,OUTWARD,VISION RM Issue To LENS BF,$1194565,24120355,RM24120355/1,1,17-Dec-2024 00:00:00,34,,1.523WHTBLANK,BIF_1.5 WHT 70.0 +4.25 -6.00 10.5 (DES)
VSP,OUTWARD,VISION RM Issue To LENS BF,$1194565,24120356,RM24120356/1,1,17-Dec-2024 00:00:00,7,,1.523WHTBLANK,BIF_1.5 WHT 70.0 +4.25 -6.00 10.5 (DES)
VSP,OUTWARD,VISION RM Issue To LENS BF,$1194565,24120357,RM24120357/1,1,17-Dec-2024 00:00:00,34,,1.523WHTBLANK,BIF_1.5 WHT 70.0 +4.25 -6.00 10.5 (DES)
VSP,OUTWARD,VISION RM Issue To LENS BF,$1194565,24120358,RM24120358/1,1,17-Dec-2024 00:00:00,32,,1.523WHTBLANK,BIF_1.5 WHT 70.0 +4.25 -6.00 10.5 (DES)
VSP,OUTWARD,VISION RM Issue To LENS BF,$1493123,24120359,RM24120359/1,1,17-Dec-2024 00:00:00,9,,1.523WHTBLANK,BIF_1.5WHT 70.0 +625-600E10.5(DES)
VSP,OUTWARD,VISION RM Issue To LENS BF,$1493123,24120360,RM24120360/1,1,17-Dec-2024 00:00:00,30,,1.523WHTBLANK,BIF_1.5WHT 70.0 +625-600E10.5(DES)
VSP,OUTWARD,VISION RM Issue To LENS BF,$1493123,24120361,RM24120361/1,1,17-Dec-2024 00:00:00,1,,1.523WHTBLANK,BIF_1.5WHT 70.0 +625-600E10.5(DES)
VSP,OUTWARD,VISION RM Issue To LENS BF,$1493123,24120362,RM24120362/1,1,17-Dec-2024 00:00:00,30,,1.523WHTBLANK,BIF_1.5WHT 70.0 +625-600E10.5(DES)
VSP,OUTWARD,VISION RM Issue To LENS BF,$1493123,24120363,RM24120363/1,1,17-Dec-2024 00:00:00,19,,1.523WHTBLANK,BIF_1.5WHT 70.0 +625-600E10.5(DES)
VSP,OUTWARD,VISION RM Issue To LENS BF,$1493123,24120364,RM24120364/1,1,17-Dec-2024 00:00:00,30,,1.523WHTBLANK,BIF_1.5WHT 70.0 +625-600E10.5(DES)
VSP,OUTWARD,VISION RM Issue To LENS BF,$1493123,24120365,RM24120365/1,1,17-Dec-2024 00:00:00,6,,1.523WHTBLANK,BIF_1.5WHT 70.0 +625-600E10.5(DES)
VSP,OUTWARD,VISION RM Issue To LENS BF,$1493123,24120366,RM24120366/1,1,17-Dec-2024 00:00:00,20,,1.523WHTBLANK,BIF_1.5WHT 70.0 +625-600E10.5(DES)
VSP,OUTWARD,VISION RM Issue To LENS BF,$1194565,24120367,RM24120367/1,1,17-Dec-2024 00:00:00,11,,1.523WHTBLANK,BIF_1.5 WHT 70.0 +4.25 -6.00 10.5 (DES)
VSP,OUTWARD,VISION RM Issue To LENS BF,$1194565,24120368,RM24120368/1,1,17-Dec-2024 00:00:00,9,,1.523WHTBLANK,BIF_1.5 WHT 70.0 +4.25 -6.00 10.5 (DES)
VSP,OUTWARD,VISION RM Issue To LENS BF,$1194565,24120369,RM24120369/1,1,17-Dec-2024 00:00:00,20,,1.523WHTBLANK,BIF_1.5 WHT 70.0 +4.25 -6.00 10.5 (DES)
VSP,OUTWARD,VISION RM Issue To LENS BF,$1194565,24120370,RM24120370/1,1,17-Dec-2024 00:00:00,19,,1.523WHTBLANK,BIF_1.5 WHT 70.0 +4.25 -6.00 10.5 (DES)
VSP,OUTWARD,VISION RM Issue To LENS BF,$1194565,24120371,RM24120371/1,1,17-Dec-2024 00:00:00,9,,1.523WHTBLANK,BIF_1.5 WHT 70.0 +4.25 -6.00 10.5 (DES)
VSP,OUTWARD,VISION RM Issue To LENS BF,$1493123,24120372,RM24120372/1,1,17-Dec-2024 00:00:00,11,,1.523WHTBLANK,BIF_1.5WHT 70.0 +625-600E10.5(DES)
VSP,OUTWARD,VISION RM Issue To LENS BF,$1493123,24120373,RM24120373/1,1,17-Dec-2024 00:00:00,9,,1.523WHTBLANK,BIF_1.5WHT 70.0 +625-600E10.5(DES)
VSP,OUTWARD,VISION RM Issue To LENS BF,$1493123,24120374,RM24120374/1,1,17-Dec-2024 00:00:00,22,,1.523WHTBLANK,BIF_1.5WHT 70.0 +625-600E10.5(DES)
VSP,OUTWARD,VISION RM Issue To LENS BF,$1493123,24120375,RM24120375/1,1,17-Dec-2024 00:00:00,6,,1.523WHTBLANK,BIF_1.5WHT 70.0 +625-600E10.5(DES)
VSP,OUTWARD,VISION RM Issue To LENS BF,$1230004,24120376,RM24120376/1,1,17-Dec-2024 00:00:00,11,,1.523WHTBLANK,BIF_1.5WHT 70.0+825-600E11.4
VSP,OUTWARD,VISION RM Issue To LENS BF,$1230004,24120377,RM24120377/1,1,17-Dec-2024 00:00:00,22,,1.523WHTBLANK,BIF_1.5WHT 70.0+825-600E11.4
VSP,OUTWARD,VISION RM Issue To LENS BF,$1230004,24120378,RM24120378/1,1,17-Dec-2024 00:00:00,11,,1.523WHTBLANK,BIF_1.5WHT 70.0+825-600E11.4
VSP,OUTWARD,VISION RM Issue To LENS BF,$1194565,24120380,RM24120380/1,1,17-Dec-2024 00:00:00,5,,1.523WHTBLANK,BIF_1.5 WHT 70.0 +4.25 -6.00 10.5 (DES)
VSP,OUTWARD,VISION RM Issue To LENS BF,$1194565,24120381,RM24120381/1,1,17-Dec-2024 00:00:00,4,,1.523WHTBLANK,BIF_1.5 WHT 70.0 +4.25 -6.00 10.5 (DES)
VSP,OUTWARD,VISION RM Issue To LENS BF,$1194565,24120382,RM24120382/1,1,17-Dec-2024 00:00:00,3,,1.523WHTBLANK,BIF_1.5 WHT 70.0 +4.25 -6.00 10.5 (DES)
VSP,OUTWARD,VISION RM Issue To LENS BF,$961729,24120383,RM24120383/1,1,17-Dec-2024 00:00:00,5,,1.523PBXFUSBLANK,BIF_1.5PBX 70.0+425-600E10.0
VSP,OUTWARD,VISION RM Issue To LENS BF,$1194565,24120384,RM24120384/1,1,17-Dec-2024 00:00:00,10,,1.523WHTBLANK,BIF_1.5 WHT 70.0 +4.25 -6.00 10.5 (DES)
VSP,OUTWARD,VISION RM Issue To LENS BF,$1194565,24120385,RM24120385/1,1,17-Dec-2024 00:00:00,5,,1.523WHTBLANK,BIF_1.5 WHT 70.0 +4.25 -6.00 10.5 (DES)
VSP,OUTWARD,VISION RM Issue To LENS BF,$1493123,24120386,RM24120386/1,1,17-Dec-2024 00:00:00,5,,1.523WHTBLANK,BIF_1.5WHT 70.0 +625-600E10.5(DES)
VSP,OUTWARD,VISION RM Issue To LENS BF,$1493123,24120387,RM24120387/1,1,17-Dec-2024 00:00:00,5,,1.523WHTBLANK,BIF_1.5WHT 70.0 +625-600E10.5(DES)
VSP,OUTWARD,VISION RM Issue To LENS BF,$1230004,24120388,RM24120388/1,1,17-Dec-2024 00:00:00,1,,1.523WHTBLANK,BIF_1.5WHT 70.0+825-600E11.4
VSP,OUTWARD,VISION RM Issue To LENS BF,$1230004,24120389,RM24120389/1,1,17-Dec-2024 00:00:00,2,,1.523WHTBLANK,BIF_1.5WHT 70.0+825-600E11.4
VSP,OUTWARD,VISION RM Issue To LENS BF,$1493110,24120390,RM24120390/1,1,17-Dec-2024 00:00:00,5,,1.6WHTBLANK,BIF_1.6 WHT 70.0 +2.00 -5.92 E11.0 ( DES )
VSP,OUTWARD,VISION RM Issue To LENS BF,$1493110,24120391,RM24120391/1,1,17-Dec-2024 00:00:00,1,,1.6WHTBLANK,BIF_1.6 WHT 70.0 +2.00 -5.92 E11.0 ( DES )
VSP,OUTWARD,VISION RM Issue To LENS BF,$1493112,24120392,RM24120392/1,1,17-Dec-2024 00:00:00,4,,1.6WHTBLANK,BIF_1.6 WHT 70.0 +5.25 -5.92 E10.0 ( DES )
VSP,OUTWARD,VISION RM Issue To LENS SFSV,$650408060Y,24DEC00401SS,RM24DEC00401SS/1,1,17-Dec-2024 00:00:00,40,,1.523WHTBLANK,SF_1.5 WHT 65.0 +4.25 -8.00 6.0 (YATAI-N)
VSP,OUTWARD,VISION RM Issue To LENS SFSV,$650408060Y,24DEC00402SS,RM24DEC00402SS/1,1,17-Dec-2024 00:00:00,40,,1.523WHTBLANK,SF_1.5 WHT 65.0 +4.25 -8.00 6.0 (YATAI-N)
VSP,OUTWARD,VISION RM Issue To LENS SFSV,$650408060Y,24DEC00403SS,RM24DEC00403SS/1,1,17-Dec-2024 00:00:00,40,,1.523WHTBLANK,SF_1.5 WHT 65.0 +4.25 -8.00 6.0 (YATAI-N)
VSP,OUTWARD,VISION RM Issue To LENS SFSV,$650408060Y,24DEC00404SS,RM24DEC00404SS/1,1,17-Dec-2024 00:00:00,40,,1.523WHTBLANK,SF_1.5 WHT 65.0 +4.25 -8.00 6.0 (YATAI-N)
VSP,OUTWARD,VISION RM Issue To LENS SFSV,$650408060Y,24DEC00405SS,RM24DEC00405SS/1,1,17-Dec-2024 00:00:00,40,,1.523WHTBLANK,SF_1.5 WHT 65.0 +4.25 -8.00 6.0 (YATAI-N)
VSP,OUTWARD,VISION RM Issue To LENS SFSV,$650408060Y,24DEC00406SS,RM24DEC00406SS/1,1,17-Dec-2024 00:00:00,40,,1.523WHTBLANK,SF_1.5 WHT 65.0 +4.25 -8.00 6.0 (YATAI-N)
VSP,OUTWARD,VISION RM Issue To LENS SFSV,$650408060Y,24DEC00407SS,RM24DEC00407SS/1,1,17-Dec-2024 00:00:00,40,,1.523WHTBLANK,SF_1.5 WHT 65.0 +4.25 -8.00 6.0 (YATAI-N)
VSP,OUTWARD,VISION RM Issue To LENS SFSV,$650408060Y,24DEC00408SS,RM24DEC00408SS/1,1,17-Dec-2024 00:00:00,40,,1.523WHTBLANK,SF_1.5 WHT 65.0 +4.25 -8.00 6.0 (YATAI-N)
VSP,OUTWARD,VISION RM Issue To LENS SFSV,$650408060Y,24DEC00409SS,RM24DEC00409SS/1,1,17-Dec-2024 00:00:00,40,,1.523WHTBLANK,SF_1.5 WHT 65.0 +4.25 -8.00 6.0 (YATAI-N)
VSP,OUTWARD,VISION RM Issue To LENS SFSV,$650408060Y,24DEC00410SS,RM24DEC00410SS/1,1,17-Dec-2024 00:00:00,40,,1.523WHTBLANK,SF_1.5 WHT 65.0 +4.25 -8.00 6.0 (YATAI-N)
VSP,OUTWARD,VISION RM Issue To LENS SFSV,$650408060Y,24DEC00411SS,RM24DEC00411SS/1,1,17-Dec-2024 00:00:00,40,,1.523WHTBLANK,SF_1.5 WHT 65.0 +4.25 -8.00 6.0 (YATAI-N)
VSP,OUTWARD,VISION RM Issue To LENS SFSV,$650408060Y,24DEC00412SS,RM24DEC00412SS/1,1,17-Dec-2024 00:00:00,40,,1.523WHTBLANK,SF_1.5 WHT 65.0 +4.25 -8.00 6.0 (YATAI-N)
VSP,OUTWARD,VISION RM Issue To LENS SFSV,$650408060Y,24DEC00413SS,RM24DEC00413SS/1,1,17-Dec-2024 00:00:00,10,,1.523WHTBLANK,SF_1.5 WHT 65.0 +4.25 -8.00 6.0 (YATAI-N)
VSP,OUTWARD,VISION RM Issue To LENS SFSV,$650408060Y,24DEC00414SS,RM24DEC00414SS/1,1,17-Dec-2024 00:00:00,40,,1.523WHTBLANK,SF_1.5 WHT 65.0 +4.25 -8.00 6.0 (YATAI-N)
VSP,OUTWARD,VISION RM Issue To LENS SFSV,$650408060Y,24DEC00415SS,RM24DEC00415SS/1,1,17-Dec-2024 00:00:00,40,,1.523WHTBLANK,SF_1.5 WHT 65.0 +4.25 -8.00 6.0 (YATAI-N)
VSP,OUTWARD,VISION RM Issue To LENS SFSV,$650408060Y,24DEC00416SS,RM24DEC00416SS/1,1,17-Dec-2024 00:00:00,40,,1.523WHTBLANK,SF_1.5 WHT 65.0 +4.25 -8.00 6.0 (YATAI-N)
VSP,OUTWARD,VISION RM Issue To LENS SFSV,$650408060Y,24DEC00417SS,RM24DEC00417SS/1,1,17-Dec-2024 00:00:00,30,,1.523WHTBLANK,SF_1.5 WHT 65.0 +4.25 -8.00 6.0 (YATAI-N)
VSP,OUTWARD,VISION RM Issue To LENS SFSV,$650408060Y,24DEC00418SS,RM24DEC00418SS/1,1,17-Dec-2024 00:00:00,40,,1.523WHTBLANK,SF_1.5 WHT 65.0 +4.25 -8.00 6.0 (YATAI-N)
VSP,OUTWARD,VISION RM Issue To LENS SFSV,$650408060Y,24DEC00419SS,RM24DEC00419SS/1,1,17-Dec-2024 00:00:00,40,,1.523WHTBLANK,SF_1.5 WHT 65.0 +4.25 -8.00 6.0 (YATAI-N)
VSP,OUTWARD,VISION RM Issue To LENS SFSV,$650408060Y,24DEC00420SS,RM24DEC00420SS/1,1,17-Dec-2024 00:00:00,40,,1.523WHTBLANK,SF_1.5 WHT 65.0 +4.25 -8.00 6.0 (YATAI-N)
VSP,OUTWARD,VISION RM Issue To LENS SFSV,$650408060Y,24DEC00421SS,RM24DEC00421SS/1,1,17-Dec-2024 00:00:00,40,,1.523WHTBLANK,SF_1.5 WHT 65.0 +4.25 -8.00 6.0 (YATAI-N)
VSP,OUTWARD,VISION RM Issue To LENS SFSV,$961761,24DEC00422SS,RM24DEC00422SS/1,1,17-Dec-2024 00:00:00,32,,1.523PBXNONFUSBLANK,SF_1.5 PBX 70.0 +197 -1000 E50
VSP,OUTWARD,VISION RM Issue To LENS SFSV,$961761,24DEC00423SS,RM24DEC00423SS/1,1,17-Dec-2024 00:00:00,28,,1.523PBXNONFUSBLANK,SF_1.5 PBX 70.0 +197 -1000 E50
VSP,OUTWARD,VISION RM Issue To LENS SFSV,$961762,24DEC00424SS,RM24DEC00424SS/1,1,17-Dec-2024 00:00:00,40,,1.523PBXNONFUSBLANK,SF_1.5 PBX 70.0+4.25 -8.00 5.0
VSP,OUTWARD,VISION RM Issue To LENS SFSV,$961762,24DEC00425SS,RM24DEC00425SS/1,1,17-Dec-2024 00:00:00,20,,1.523PBXNONFUSBLANK,SF_1.5 PBX 70.0+4.25 -8.00 5.0
VSP,OUTWARD,VISION RM Issue To LENS SFSV,$961769,24DEC00426SS,RM24DEC00426SS/1,1,17-Dec-2024 00:00:00,26,,1.523PGXNONFUSBLANK,SF_1.5 PGX 70.0 +1.97 -10.00 5.0
VSP,OUTWARD,VISION RM Issue To LENS SFSV,$961770,24DEC00427SS,RM24DEC00427SS/1,1,17-Dec-2024 00:00:00,10,,1.523PGXNONFUSBLANK,SF_1.5 PGX 70.0+4.25 -8.00 5.0
VSP,OUTWARD,VISION RM Issue To LENS SFSV,$1493880,24DEC00428SS,RM24DEC00428SS/1,1,17-Dec-2024 00:00:00,20,,1.6WHTBLANK,SF_1.6 WHT 75.0 +3.00 -10.00 5.5 ( DES )
VSP,OUTWARD,VISION RM Issue To LENS SFSV,$1493743,24DEC00429SS,RM24DEC00429SS/1,1,17-Dec-2024 00:00:00,32,,1.523WHTBLANK,BIF_1.5 WHT 76.25 +4.25 -5.92 10.5 ( DES )
VSP,OUTWARD,VISION RM Issue To LENS SFSV,$1493743,24DEC00430SS,RM24DEC00430SS/1,1,17-Dec-2024 00:00:00,13,,1.523WHTBLANK,BIF_1.5 WHT 76.25 +4.25 -5.92 10.5 ( DES )
VSP,OUTWARD,VISION RM Issue To LENS WAFER,$656006030Y,24DEC00724FS,RM24DEC00724FS/1,1,17-Dec-2024 00:00:00,25,,1.523WHTBLANK,SF_1.5 WHT 65.0 +6.00 -6.00 3.0 (YATAI)
VSP,OUTWARD,VISION RM Issue To LENS WAFER,$656006030Y,24DEC00725FS,RM24DEC00725FS/1,1,17-Dec-2024 00:00:00,25,,1.523WHTBLANK,SF_1.5 WHT 65.0 +6.00 -6.00 3.0 (YATAI)
VSP,OUTWARD,VISION RM Issue To LENS WAFER,$656006030Y,24DEC00726FS,RM24DEC00726FS/1,1,17-Dec-2024 00:00:00,25,,1.523WHTBLANK,SF_1.5 WHT 65.0 +6.00 -6.00 3.0 (YATAI)
VSP,OUTWARD,VISION RM Issue To LENS WAFER,$656006030Y,24DEC00727FS,RM24DEC00727FS/1,1,17-Dec-2024 00:00:00,25,,1.523WHTBLANK,SF_1.5 WHT 65.0 +6.00 -6.00 3.0 (YATAI)
VSP,OUTWARD,VISION RM Issue To LENS WAFER,$656006030Y,24DEC00728FS,RM24DEC00728FS/1,1,17-Dec-2024 00:00:00,25,,1.523WHTBLANK,SF_1.5 WHT 65.0 +6.00 -6.00 3.0 (YATAI)
VSP,OUTWARD,VISION RM Issue To LENS WAFER,$656006030Y,24DEC00729FS,RM24DEC00729FS/1,1,17-Dec-2024 00:00:00,25,,1.523WHTBLANK,SF_1.5 WHT 65.0 +6.00 -6.00 3.0 (YATAI)
VSP,OUTWARD,VISION RM Issue To LENS WAFER,$656006030Y,24DEC00730FS,RM24DEC00730FS/1,1,17-Dec-2024 00:00:00,25,,1.523WHTBLANK,SF_1.5 WHT 65.0 +6.00 -6.00 3.0 (YATAI)
VSP,OUTWARD,VISION RM Issue To LENS WAFER,$656006030Y,24DEC00731FS,RM24DEC00731FS/1,1,17-Dec-2024 00:00:00,25,,1.523WHTBLANK,SF_1.5 WHT 65.0 +6.00 -6.00 3.0 (YATAI)
VSP,OUTWARD,VISION RM Issue To LENS WAFER,$656006030Y,24DEC00732FS,RM24DEC00732FS/1,1,17-Dec-2024 00:00:00,25,,1.523WHTBLANK,SF_1.5 WHT 65.0 +6.00 -6.00 3.0 (YATAI)
VSP,OUTWARD,VISION RM Issue To LENS WAFER,$656006030Y,24DEC00733FS,RM24DEC00733FS/1,1,17-Dec-2024 00:00:00,25,,1.523WHTBLANK,SF_1.5 WHT 65.0 +6.00 -6.00 3.0 (YATAI)
VSP,OUTWARD,VISION RM Issue To LENS WAFER,$656006030Y,24DEC00734FS,RM24DEC00734FS/1,1,17-Dec-2024 00:00:00,25,,1.523WHTBLANK,SF_1.5 WHT 65.0 +6.00 -6.00 3.0 (YATAI)
VSP,OUTWARD,VISION RM Issue To LENS WAFER,$656006030Y,24DEC00735FS,RM24DEC00735FS/1,1,17-Dec-2024 00:00:00,25,,1.523WHTBLANK,SF_1.5 WHT 65.0 +6.00 -6.00 3.0 (YATAI)
VSP,OUTWARD,VISION RM Issue To LENS WAFER,$656006030Y,24DEC00736FS,RM24DEC00736FS/1,1,17-Dec-2024 00:00:00,25,,1.523WHTBLANK,SF_1.5 WHT 65.0 +6.00 -6.00 3.0 (YATAI)
VSP,OUTWARD,VISION RM Issue To LENS WAFER,$656006030Y,24DEC00737FS,RM24DEC00737FS/1,1,17-Dec-2024 00:00:00,25,,1.523WHTBLANK,SF_1.5 WHT 65.0 +6.00 -6.00 3.0 (YATAI)
VSP,OUTWARD,VISION RM Issue To LENS WAFER,$656006030Y,24DEC00738FS,RM24DEC00738FS/1,1,17-Dec-2024 00:00:00,25,,1.523WHTBLANK,SF_1.5 WHT 65.0 +6.00 -6.00 3.0 (YATAI)
VSP,OUTWARD,VISION RM Issue To LENS WAFER,$656006030Y,24DEC00739FS,RM24DEC00739FS/1,1,17-Dec-2024 00:00:00,25,,1.523WHTBLANK,SF_1.5 WHT 65.0 +6.00 -6.00 3.0 (YATAI)
VSP,OUTWARD,VISION RM Issue To LENS WAFER,$656006030Y,24DEC00740FS,RM24DEC00740FS/1,1,17-Dec-2024 00:00:00,25,,1.523WHTBLANK,SF_1.5 WHT 65.0 +6.00 -6.00 3.0 (YATAI)
VSP,OUTWARD,VISION RM Issue To LENS WAFER,$656006030Y,24DEC00741FS,RM24DEC00741FS/1,1,17-Dec-2024 00:00:00,25,,1.523WHTBLANK,SF_1.5 WHT 65.0 +6.00 -6.00 3.0 (YATAI)
VSP,OUTWARD,VISION RM Issue To LENS WAFER,$656006030Y,24DEC00742FS,RM24DEC00742FS/1,1,17-Dec-2024 00:00:00,25,,1.523WHTBLANK,SF_1.5 WHT 65.0 +6.00 -6.00 3.0 (YATAI)
VSP,OUTWARD,VISION RM Issue To LENS WAFER,$656006030Y,24DEC00743FS,RM24DEC00743FS/1,1,17-Dec-2024 00:00:00,25,,1.523WHTBLANK,SF_1.5 WHT 65.0 +6.00 -6.00 3.0 (YATAI)
VSP,OUTWARD,VISION RM Issue To LENS WAFER,$656006030Y,24DEC00744FS,RM24DEC00744FS/1,1,17-Dec-2024 00:00:00,25,,1.523WHTBLANK,SF_1.5 WHT 65.0 +6.00 -6.00 3.0 (YATAI)
VSP,OUTWARD,VISION RM Issue To LENS WAFER,$656006030Y,24DEC00745FS,RM24DEC00745FS/1,1,17-Dec-2024 00:00:00,25,,1.523WHTBLANK,SF_1.5 WHT 65.0 +6.00 -6.00 3.0 (YATAI)
VSP,OUTWARD,VISION RM Issue To LENS WAFER,$656006030Y,24DEC00746FS,RM24DEC00746FS/1,1,17-Dec-2024 00:00:00,25,,1.523WHTBLANK,SF_1.5 WHT 65.0 +6.00 -6.00 3.0 (YATAI)
VSP,OUTWARD,VISION RM Issue To LENS WAFER,$656006030Y,24DEC00747FS,RM24DEC00747FS/1,1,17-Dec-2024 00:00:00,25,,1.523WHTBLANK,SF_1.5 WHT 65.0 +6.00 -6.00 3.0 (YATAI)
VSP,OUTWARD,VISION RM Issue To LENS WAFER,$656006030Y,24DEC00748FS,RM24DEC00748FS/1,1,17-Dec-2024 00:00:00,25,,1.523WHTBLANK,SF_1.5 WHT 65.0 +6.00 -6.00 3.0 (YATAI)
VSP,OUTWARD,VISION RM Issue To LENS WAFER,$656006030Y,24DEC00749FS,RM24DEC00749FS/1,1,17-Dec-2024 00:00:00,25,,1.523WHTBLANK,SF_1.5 WHT 65.0 +6.00 -6.00 3.0 (YATAI)
VSP,OUTWARD,VISION RM Issue To LENS WAFER,$656006030Y,24DEC00750FS,RM24DEC00750FS/1,1,17-Dec-2024 00:00:00,25,,1.523WHTBLANK,SF_1.5 WHT 65.0 +6.00 -6.00 3.0 (YATAI)
VSP,OUTWARD,VISION RM Issue To LENS WAFER,$656006030Y,24DEC00751FS,RM24DEC00751FS/1,1,17-Dec-2024 00:00:00,25,,1.523WHTBLANK,SF_1.5 WHT 65.0 +6.00 -6.00 3.0 (YATAI)
VSP,OUTWARD,VISION RM Issue To LENS WAFER,$656006030Y,24DEC00752FS,RM24DEC00752FS/1,1,17-Dec-2024 00:00:00,25,,1.523WHTBLANK,SF_1.5 WHT 65.0 +6.00 -6.00 3.0 (YATAI)
VSP,OUTWARD,VISION RM Issue To LENS WAFER,$656006030Y,24DEC00753FS,RM24DEC00753FS/1,1,17-Dec-2024 00:00:00,25,,1.523WHTBLANK,SF_1.5 WHT 65.0 +6.00 -6.00 3.0 (YATAI)
VSP,OUTWARD,VISION RM Issue To LENS WAFER,$656006030Y,24DEC00754FS,RM24DEC00754FS/1,1,17-Dec-2024 00:00:00,25,,1.523WHTBLANK,SF_1.5 WHT 65.0 +6.00 -6.00 3.0 (YATAI)
VSP,OUTWARD,VISION RM Issue To LENS WAFER,$656006030Y,24DEC00755FS,RM24DEC00755FS/1,1,17-Dec-2024 00:00:00,25,,1.523WHTBLANK,SF_1.5 WHT 65.0 +6.00 -6.00 3.0 (YATAI)
VSP,OUTWARD,VISION RM Issue To LENS WAFER,$656006030Y,24DEC00756FS,RM24DEC00756FS/1,1,17-Dec-2024 00:00:00,25,,1.523WHTBLANK,SF_1.5 WHT 65.0 +6.00 -6.00 3.0 (YATAI)
VSP,OUTWARD,VISION RM Issue To LENS WAFER,$656006030Y,24DEC00757FS,RM24DEC00757FS/1,1,17-Dec-2024 00:00:00,25,,1.523WHTBLANK,SF_1.5 WHT 65.0 +6.00 -6.00 3.0 (YATAI)
VSP,OUTWARD,VISION RM Issue To LENS WAFER,$656006030Y,24DEC00758FS,RM24DEC00758FS/1,1,17-Dec-2024 00:00:00,25,,1.523WHTBLANK,SF_1.5 WHT 65.0 +6.00 -6.00 3.0 (YATAI)
VSP,OUTWARD,VISION RM Issue To LENS WAFER,$656006030Y,24DEC00759FS,RM24DEC00759FS/1,1,17-Dec-2024 00:00:00,25,,1.523WHTBLANK,SF_1.5 WHT 65.0 +6.00 -6.00 3.0 (YATAI)
VSP,OUTWARD,VISION RM Issue To MOLD SV,$1494615,ET24DEC00974SVMO,RMET24DEC00974SVMO/1,1,17-Dec-2024 00:00:00,12,,1.523MOLDBLANK,S3 83.0 +4.00 -4.00 8.5
VSP,OUTWARD,VISION RM Issue To MOLD SV,$1494615,ET24DEC00975SVMO,RMET24DEC00975SVMO/1,1,17-Dec-2024 00:00:00,12,,1.523MOLDBLANK,S3 83.0 +4.00 -4.00 8.5
VSP,OUTWARD,VISION RM Issue To MOLD SV,$1494606,ET24DEC00978SVMO,RMET24DEC00978SVMO/1,1,17-Dec-2024 00:00:00,30,,1.523MOLDBLANK,S3 71.0 +3.00 -5.00 8.5
VSP,OUTWARD,VISION RM Issue To MOLD SV,$1494606,ET24DEC00979SVMO,RMET24DEC00979SVMO/1,1,17-Dec-2024 00:00:00,30,,1.523MOLDBLANK,S3 71.0 +3.00 -5.00 8.5
VSP,OUTWARD,VISION RM Issue To MOLD SV,$1494607,ET24DEC00980SVMO,RMET24DEC00980SVMO/1,1,17-Dec-2024 00:00:00,30,,1.523MOLDBLANK,S3 71.0 +3.00 -6.50 8.5
VSP,OUTWARD,VISION RM Issue To MOLD SV,$1494607,ET24DEC00981SVMO,RMET24DEC00981SVMO/1,1,17-Dec-2024 00:00:00,30,,1.523MOLDBLANK,S3 71.0 +3.00 -6.50 8.5
VSP,OUTWARD,VISION RM Issue To MOLD SV,$1494606,ET24DEC00982SVMO,RMET24DEC00982SVMO/1,1,17-Dec-2024 00:00:00,15,,1.523MOLDBLANK,S3 71.0 +3.00 -5.00 8.5
VSP,OUTWARD,VISION RM Issue To MOLD SV,$1494606,ET24DEC00983SVMO,RMET24DEC00983SVMO/1,1,17-Dec-2024 00:00:00,15,,1.523MOLDBLANK,S3 71.0 +3.00 -5.00 8.5
VSP,OUTWARD,VISION RM Issue To MOLD SV,$1494607,ET24DEC00984SVMO,RMET24DEC00984SVMO/1,1,17-Dec-2024 00:00:00,15,,1.523MOLDBLANK,S3 71.0 +3.00 -6.50 8.5
VSP,OUTWARD,VISION RM Issue To MOLD SV,$1494607,ET24DEC00985SVMO,RMET24DEC00985SVMO/1,1,17-Dec-2024 00:00:00,15,,1.523MOLDBLANK,S3 71.0 +3.00 -6.50 8.5
VSP,OUTWARD,VISION RM Issue To MOLD TORIC,$1494606,ET24DEC00992TB,RMET24DEC00992TB/1,1,17-Dec-2024 00:00:00,12,,1.523MOLDBLANK,S3 71.0 +3.00 -5.00 8.5
VSP,OUTWARD,VISION RM Issue To MOLD TORIC,$1494606,ET24DEC00993TB,RMET24DEC00993TB/1,1,17-Dec-2024 00:00:00,12,,1.523MOLDBLANK,S3 71.0 +3.00 -5.00 8.5
VSP,OUTWARD,VISION RM Issue To MOLD TORIC,$1494606,ET24DEC00994TB,RMET24DEC00994TB/1,1,17-Dec-2024 00:00:00,12,,1.523MOLDBLANK,S3 71.0 +3.00 -5.00 8.5
VSP,OUTWARD,VISION RM Issue To MOLD TORIC,$1494606,ET24DEC00995TB,RMET24DEC00995TB/1,1,17-Dec-2024 00:00:00,9,,1.523MOLDBLANK,S3 71.0 +3.00 -5.00 8.5
VSP,OUTWARD,VISION RM Issue To MOLD TORIC,OPC NOT AVAIL,ET24DEC00996TB,RMET24DEC00996TB/1,1,17-Dec-2024 00:00:00,12,,NONE,S3 71.0 +4.50 -4.50 9.0
VSP,OUTWARD,VISION RM Issue To MOLD TORIC,OPC NOT AVAIL,ET24DEC00997TB,RMET24DEC00997TB/1,1,17-Dec-2024 00:00:00,12,,NONE,S3 71.0 +4.50 -4.50 9.0
VSP,OUTWARD,VISION RM Issue To MOLD TORIC,OPC NOT AVAIL,ET24DEC00998TB,RMET24DEC00998TB/1,1,17-Dec-2024 00:00:00,12,,NONE,S3 71.0 +4.50 -4.50 9.0
VSP,OUTWARD,VISION RM Issue To MOLD TORIC,OPC NOT AVAIL,ET24DEC00999TB,RMET24DEC00999TB/1,1,17-Dec-2024 00:00:00,9,,NONE,S3 71.0 +4.50 -4.50 9.0
VSP,OUTWARD,VISION RM Issue To MOLD TORIC,$1494523,ET24DEC01004TB,RMET24DEC01004TB/1,1,17-Dec-2024 00:00:00,12,,1.523MOLDBLANK,S3 75.0 +4.00 -8.25 6.5
VSP,OUTWARD,VISION RM Issue To MOLD TORIC,$1494523,ET24DEC01005TB,RMET24DEC01005TB/1,1,17-Dec-2024 00:00:00,12,,1.523MOLDBLANK,S3 75.0 +4.00 -8.25 6.5
VSP,OUTWARD,VISION RM Issue To MOLD TORIC,$1494523,ET24DEC01006TB,RMET24DEC01006TB/1,1,17-Dec-2024 00:00:00,12,,1.523MOLDBLANK,S3 75.0 +4.00 -8.25 6.5
VSP,OUTWARD,VISION RM Issue To MOLD TORIC,$1494523,ET24DEC01007TB,RMET24DEC01007TB/1,1,17-Dec-2024 00:00:00,12,,1.523MOLDBLANK,S3 75.0 +4.00 -8.25 6.5
VSP,OUTWARD,VISION RM Issue To MOLD TORIC,$1494395,ET24DEC01008TB,RMET24DEC01008TB/1,1,17-Dec-2024 00:00:00,12,,1.523MOLDBLANK,S3 83.0 +6.00 -6.25 8.2
VSP,OUTWARD,VISION RM Issue To MOLD TORIC,$1494395,ET24DEC01009TB,RMET24DEC01009TB/1,1,17-Dec-2024 00:00:00,12,,1.523MOLDBLANK,S3 83.0 +6.00 -6.25 8.2
VSP,OUTWARD,VISION RM Issue To MOLD SV,$1494522,ET24DEC01048SVMO,RMET24DEC01048SVMO/1,1,17-Dec-2024 00:00:00,24,,1.523MOLDBLANK,S3 75.0 +3.00 -5.00 5.5
VSP,OUTWARD,VISION RM Issue To MOLD SV,$1494522,ET24DEC01049SVMO,RMET24DEC01049SVMO/1,1,17-Dec-2024 00:00:00,24,,1.523MOLDBLANK,S3 75.0 +3.00 -5.00 5.5
VSP,OUTWARD,VISION RM Issue To MOLD TORIC,$1494604,ET24DEC01050TB,RMET24DEC01050TB/1,1,17-Dec-2024 00:00:00,12,,1.523MOLDBLANK,S3 71.0 +2.75 -6.00 8.5
VSP,OUTWARD,VISION RM Issue To MOLD TORIC,$1494604,ET24DEC01051TB,RMET24DEC01051TB/1,1,17-Dec-2024 00:00:00,12,,1.523MOLDBLANK,S3 71.0 +2.75 -6.00 8.5
VSP,OUTWARD,VISION RM Issue To MOLD TORIC,$1494604,ET24DEC01052TB,RMET24DEC01052TB/1,1,17-Dec-2024 00:00:00,12,,1.523MOLDBLANK,S3 71.0 +2.75 -6.00 8.5
VSP,OUTWARD,VISION RM Issue To MOLD TORIC,$1494604,ET24DEC01053TB,RMET24DEC01053TB/1,1,17-Dec-2024 00:00:00,9,,1.523MOLDBLANK,S3 71.0 +2.75 -6.00 8.5
VSP,OUTWARD,VISION RM Issue To MOLD SV,$1493282,PC24DEC01010SVMO,RMPC24DEC01010SVMO/1,1,17-Dec-2024 00:00:00,1,,1.523MOLDBLANK,S3 185.0 +5.48 -6.22 18.0
VSP,OUTWARD,VISION RM Issue To MOLD SV,$1493282,PC24DEC01011SVMO,RMPC24DEC01011SVMO/1,1,17-Dec-2024 00:00:00,1,,1.523MOLDBLANK,S3 185.0 +5.48 -6.22 18.0
VSP,OUTWARD,VISION RM Issue To MOLD SV,$1493282,PC24DEC01012SVMO,RMPC24DEC01012SVMO/1,1,17-Dec-2024 00:00:00,1,,1.523MOLDBLANK,S3 185.0 +5.48 -6.22 18.0
VSP,OUTWARD,VISION RM Issue To MOLD SV,$1493282,PC24DEC01013SVMO,RMPC24DEC01013SVMO/1,1,17-Dec-2024 00:00:00,1,,1.523MOLDBLANK,S3 185.0 +5.48 -6.22 18.0
VSP,OUTWARD,VISION RM Issue To MOLD SV,$1493282,PC24DEC01014SVMO,RMPC24DEC01014SVMO/1,1,17-Dec-2024 00:00:00,1,,1.523MOLDBLANK,S3 185.0 +5.48 -6.22 18.0
VSP,OUTWARD,VISION RM Issue To MOLD SV,$1493282,PC24DEC01015SVMO,RMPC24DEC01015SVMO/1,1,17-Dec-2024 00:00:00,1,,1.523MOLDBLANK,S3 185.0 +5.48 -6.22 18.0
VSP,OUTWARD,VISION RM Issue To MOLD SV,$1493282,PC24DEC01016SVMO,RMPC24DEC01016SVMO/1,1,17-Dec-2024 00:00:00,1,,1.523MOLDBLANK,S3 185.0 +5.48 -6.22 18.0
VSP,OUTWARD,VISION RM Issue To MOLD SV,$1493282,PC24DEC01017SVMO,RMPC24DEC01017SVMO/1,1,17-Dec-2024 00:00:00,1,,1.523MOLDBLANK,S3 185.0 +5.48 -6.22 18.0
VSP,OUTWARD,VISION RM Issue To LENS C2,$149880400,06382024,RM0638/2024/1,1,17-Dec-2024 00:00:00,200,,1.498C2BLANK,SS-ORG 1.498 SV 80MM POLY C2 BASE +4.00
VSP,OUTWARD,VISION RM Issue To BUTTONSHOP,$1493785,06392024,RM0639/2024/1,1,17-Dec-2024 00:00:00,2160,,1.523MOLDBUTTON,S3 40.0 +6.00 -6.00 6.0
VSP,OUTWARD,VISION RM Issue To LENS C2,$5888819645C,06402024,RM0640/2024/1,1,17-Dec-2024 00:00:00,120,,1.60MR8BLANK,SFSV 1.60 MR-8 75mm UC 4.00 Base
VSP,OUTWARD,VISION RM Issue To LENS C2,$5888827796C,06402024,RM0640/2024/2,2,17-Dec-2024 00:00:00,120,,1.67MR10BLANK,SFSV 1.67 MR-10 75mm UC 2.00 Base
VSP,OUTWARD,VISION RM Issue To LENS C2,$5888827838C,06402024,RM0640/2024/3,3,17-Dec-2024 00:00:00,120,,1.67MR10BLANK,SFSV 1.67 MR-10 75mm UC 6.00 Base
VSP,OUTWARD,VISION RM Issue To LENS C2,$27426824,06402024,RM0640/2024/4,4,17-Dec-2024 00:00:00,180,,1.59POLYBLANK,1.59 POLY SFSV 0400 UNC75PO
VSP,OUTWARD,VISION RM Issue To LENS C2,$149880400,06402024,RM0640/2024/5,5,17-Dec-2024 00:00:00,177,,1.498C2BLANK,SS-ORG 1.498 SV 80MM POLY C2 BASE +4.00
VSP,OUTWARD,VISION RM Issue To LENS C2,$0710106000,06402024,RM0640/2024/6,6,17-Dec-2024 00:00:00,400,,1.53TRIVEXBLANK,TRIVEX SFSV UC 70MM BASE 6.00
VSP,OUTWARD,VISION RM Issue To LENS C2,$0710202000,06402024,RM0640/2024/7,7,17-Dec-2024 00:00:00,300,,1.53TRIVEXBLANK,TRIVEX SFSV UC 75MM BASE 2.00
VSP,OUTWARD,VISION RM Issue To LENS C2,$0710104000,06402024,RM0640/2024/8,8,17-Dec-2024 00:00:00,500,,1.53TRIVEXBLANK,TRIVEX SFSV UC 75MM BASE 4.00
VSP,OUTWARD,VISION RM Issue To LENS C2,$0710205000,06402024,RM0640/2024/9,9,17-Dec-2024 00:00:00,500,,1.53TRIVEXBLANK,TRIVEX SFSV UC 75MM BASE 5.00
